grp1_samp1	grp1_samp2	grp1_samp3	grp1_samp4	grp1_samp5	grp1_samp6	grp2_samp1	grp2_samp2	grp2_samp3	grp2_samp4	grp2_samp5	grp2_samp6
gene1_pep1	200416	245259	283349	216336	275445	386647	160903	263388	369772	143876	170371	288564
gene1_pep2	133	283	213361	122	232	327	329	277	226	383	157	363
gene1_pep3	50692	41149	31448	40642	43336	29964	30925	34128	56742	42475	40234	87819
gene1_pep4	1080417	1628581	777382	2250517	506477	1401249	745476	668273	723308	1464083	1922728	1431286
gene1_pep5	84419	47884	37498	56460	76996	59521	225510	80940	79388	19058	85456	47384
gene1_pep10	1221	1464	871	2065	1556	1416	775	145332	836	1396	1652	1781
gene2_pep2	1059749	747536	636168	1353365	1288915	987661	1007320	741454	1079080	1022943	1220432	1291109
gene2_pep3	61	19832	31350	22354	69745	9375	31038	325	4204	56936	47389	53705
gene2_pep4	1051002	807651	1050178	666461	564303	736356	907616	538177	912886	596425	730401	763657
gene2_pep5	6037	6712	713	6454	4681	1822	3375	5100	3583	3300	5497	2291
gene2_pep6	3194	8810	7061	7085	3471	5207	6480	9163	4069	5564	3058	7960
gene2_pep9	5942	5908	5957	4260	6369	5788	5330	5332	5793	3531	4105	6003
gene2_pep10	3648	3964	3368	4332	2906	3708	3128	3134	4156	3049	4423	3075
gene3_pep1	10304	5746	6883	18676	18919	14482	5584	13715	9858	15127	451	8000
gene3_pep2	233121	430943	877423	642168	581093	389117	272588	774727	369976	732858	262565	250744
gene3_pep4	16141	30786	37117	34685	30219	24984	16689	24673	41864	21086	26773	23446
gene3_pep5	1258211	553749	149359	694350	201694	467812	309153	136987	190781	564782	337697	374970
gene3_pep7	492870	911811	117170	511425	59137	521358	433352	268261	431573	402995	213	168113
gene3_pep8	41503	22051	30849	14456	39720	36712	8229	23520	21872	34569	23811	8594
gene3_pep10	3762	1103	1527	2646	597	4428	268	2249	1191	4545	4221	3791
gene4_pep1	8121	370724	3153	15132	5359	127	379	2327	586	25572	19377	15589
gene4_pep3	9064111	5427970	17083290	3774931	13613634	31551668	9400804	47935955	18164003	160836	9195008	16776274
gene4_pep4	6991	6904	6046	4764	5024	6595	10886	9760	13166	11614	9715	12330
gene4_pep6	18668155	32658124	14495535	11557524	22726609	27307954	21621535	61847266	79631600	42910393	47587830	34467400
gene4_pep7	1347	1742	1551	272	1204	1411	1686	1598	3661	2925	1707	604
gene4_pep9	35212	41468	34310	32891	29112	35497	78692	33992	54512	65915	76575	59946
gene4_pep10	2699443	5070463	5307545	6354266	5445767	3739026	8830858	7517051	987987	7338504	4796403	4707008
gene5_pep1	66995	143421	44293	91722	138571	93167	23507	84378	99791	45192	10855	28606
gene5_pep3	1144348	992717	1115944	1082955	1072807	1124961	963482	1327070	1179762	1132843	1347457	868064
gene5_pep4	996	2424	2019	1801	2052	2450	2465	411	1034	1357	1111	1681
gene5_pep6	169985	89878	100520	216548	130799	111987	52844	186677	185079	164668	111300	83006
gene5_pep7	695210	3445295	865353	59604	1560750	1966750	466180	2232214	3033338	2988563	4247687	2389280
gene5_pep8	81592	32617	43997	54819	24302	50390	38579	39747	22060	35134	52387	41653
gene6_pep1	230799	283811	320084	363928	254869	247409	261992	190954	355039	263520	199903	363075
gene6_pep2	2051880	3413633	2141128	2959089	1262314	1786872	1345569	1928530	1654950	2558933	1647967	1816217
gene6_pep3	512637	392195	498429	541138	659024	554108	1193556	540304	486629	776971	792949	796629
gene6_pep4	13676	16795	24015	16804	16622	20633	16667	17516	16999	19044	16833	14821
gene6_pep6	71899	65688	63156	108768	40305	47092	18505	73387	80225	62145	50723	52547
gene6_pep7	27270	64139	128597	161237	106490	88785	97713	134315	181019	100481	42104	141445
gene6_pep8	3092	3410	15692	1368	2376	51	469	210	2266	685	2489	205
gene6_pep9	49257	46571	33279	18267	64408	51067	34648	14244	29355	51744	48816	11526
gene7_pep4	2557964	686445	4314555	1404710	1384712	932351	1554857	5297649	4623698	2240153	1972196	3310459
gene7_pep5	1059123	1127048	558392	1099469	858673	930769	886624	503973	591159	832556	174860	670923
gene7_pep7	259773	204579	149320	212861	186733	133823	198024	147407	166834	154291	113267	223469
gene7_pep8	8199	13726	7407	7259	5104	881	5688	11951	9554	7096	2296	10319
gene7_pep9	157116	248278	143375	183114	136542	323839	93765	101105	78911	107210	135262	69028
gene7_pep10	10894210	4127287	6531891	14301346	15135978	6241647	10692607	15659159	14487656	9813938	5281167	2496499
gene8_pep4	95272	180942	31253	111317	105713	120642	107186	128344	114683	124100	121449	106324
gene8_pep5	19828	17859	21593	19077	19171	13939	22663	22231	21298	24575	18857	24840
gene8_pep6	112943	73566	141895	141318	142454	89923	135133	144304	151190	160165	87322	79448
gene8_pep8	3114	3568	4081	3172	2624	3990	3527	2692	2756	3668	2683	2665
gene8_pep9	1668	1879	2938	629	2702	2116	1438	1182	1217	2566	1085	1074
gene9_pep1	64218	121059	34160	62911	87183	100206	32635	113151	187029	76405	147210	60516
gene9_pep2	16379	289	3043	7998	5845	12114	13500	9512	7478	17637	10612	11174
gene9_pep4	115264	63548	38846	82556	80088	120803	21460	62625	62539	95040	96984	51123
gene9_pep5	4282784	4639155	5180098	4147656	4592054	5413767	3827535	3420465	4653354	4140364	5397743	4867159
gene9_pep7	33974527	36762583	26855471	36061589	38682199	47660835	27210514	27889397	30114154	20767309	46288465	22561086
gene9_pep8	589848	307363	203280	36136	852619	510667	760178	273456	617876	916689	485771	667512
gene9_pep10	22679	76594	22862	44907	8105	12744	26577	486518	47749	63670	30104	16371
gene10_pep1	3859	3938	2272	2950	2078	4354	921	1960	2104	52732	3877	243
gene10_pep3	3533045	1122533	2685358	3505838	3377808	2885207	2543678	2757565	2920411	4379895	1274036	1518996
gene10_pep5	62832	13803	59683	99910	121431	184295	131979	29544	199132	86301	140355	62398
gene10_pep6	3969	10267	8198	3296	6590	6108	9087	8754	7868	6226	3818	8518
gene10_pep9	16004	8851	17943	16772	8568	20199	2762	18075	20410	19718	19028	14481
gene11_pep1	2760	10098	10067	3839	8622	11026	32552	16881	9503	9086	3630	18456
gene11_pep2	334361	251252	289866	271533	237156	203295	514649	700963	476977	664894	659284	740349
gene11_pep3	15275	18211	22084	12144	23654	19188	13900	25124	5851	21003	537459	1907572
gene11_pep4	14847	6861	11320	7028	1499	10310	18403	5127	15714	16564	1173036	7030
gene11_pep5	3605	1141	6064	8333	2983	4747	5301	3025	15488	9520	9298	7788
gene11_pep6	12028	3775	2366	6715	10884	12054	27155	19206	22694	21432	23787	12142
gene11_pep8	37143	35752	30465	35731	36395	34537	55685	60805	63212	73498	72115	51927
gene12_pep2	250	3369	7573	3528	5588	3522	813	3597	6612	2158	4070	3388
gene12_pep4	74660	102433	73626	168748	64846	221804	65750	250856	67924	173125	191249	139525
gene12_pep5	56070	76574	91743	96955	88507	22603	63657	19171	37628	14363	33423	25238
gene12_pep6	97861	103332	89948	92826	59263	76385	97468	64463	111765	130478	56030	64432
gene12_pep7	363065	231626	428069	372293	275185	290430	172516	347357	319940	418522	361897	378480
gene12_pep8	2622	3499	2044	6755	3997	4937	4798	3840	2952	4251	3943	3210
gene12_pep10	97698	103453	79775	120542	249646	494	67766	69620	144	56167	203437	62848
gene13_pep1	128514	57908	17979	104347	129530	77312	73083	75217	96286	113682	77373	121974
gene13_pep2	9674	5456	4756	6223	2213	2337	9514	5209	1967	6460	5112	6836
gene13_pep3	47056	65073	68738	77271	61749	53722	84700	77529	64538	82596	92747	49841
gene13_pep5	2544	1772	684	1399	678	1315	1992	1759	277	2075	748	791
gene13_pep6	3459	6158	6147	7275	8618	9164	13629	6522	7668	8177	6213	6858
gene13_pep7	1986	2201	1336	1800	2369	1743	2049	1937	1919	2323	1723	2287
gene13_pep8	1821	3256	3647	4373	4491	2275	2583	1685	2627	3561	3927	3284
gene13_pep10	35245	54028	40700	49333	41679	34712	51195	32141	31551	43118	32013	36942
gene14_pep1	14815	21324	11922	14231	6201	13973	17990	9906	21070	26145	17301	29969
gene14_pep2	46485	59044	225759	227591	135686	275841	512304	367528	461894	59022	349003	89808
gene14_pep5	16014	13513	4938	11776	52352	19432	4588	32209	12106	13910	4664	16188
gene14_pep6	1080	1248	1755	827	1772	1578	2226	3102	2835	2716	3733	2868
gene14_pep8	396980	1297688	681070	2226648	948347	1338	319752	3846047	567563	3537598	2205634	957685
gene15_pep2	865029	1669044	269867	320953	1149392	577626	671177	574807	680023	727830	1319580	1433376
gene15_pep3	686718	864374	681064	822084	725463	747835	835363	320820	768490	728828	1029104	550807
gene15_pep6	13845	12199	11564	9374	5790	12233	3967	11402	13891	7720	13491	7728
gene15_pep7	804	969	960	126	1002	250	586	662	385	414	659	1455
gene15_pep8	20334	30727	17780	21502	21100	22434	12632	19241	25550	21420	34749	15705
gene15_pep10	23237	21232	32512	28943	28411	37407	14247	19247	33153	25834	26063	29074
gene16_pep1	10027	10272	9874	12404	12095	6630	10475	9384	10231	11880	10530	12295
gene16_pep3	2697878	5268355	3372039	4783184	4077336	1774413	4252111	4009751	3631973	5979065	2587063	6539182
gene16_pep4	97325	264002	132950	112858	194170	76269	241398	335282	111960	185	1686	197081
gene16_pep7	14546	6098	15092	9000	23079	7863	1516	7563	5465	12904	14662	42182
gene16_pep8	3335	1892	12471	4968	7523	10899	2832	17317	4800	9823	77848	542498
gene16_pep10	2415	1094	1798	1340	437	525	725	2417008	2117	2987	1869	2200
gene17_pep1	340894	890882	1001066	192659	614618	228425	307549	387894	574061	579673	621614	174933
gene17_pep4	2991505	2117150	2528088	2100365	3783172	3425086	2816992	2439311	2270247	3939610	3049895	2836438
gene17_pep5	835351	729347	961155	824807	851422	714909	812908	783046	963482	400940	888409	645891
gene17_pep6	13111	91	2548	706	629	1475	302	224	413	384	178	1312
gene17_pep7	1400789	3004117	2386229	2703761	2266319	2765545	4025309	2856776	2122336	2399202	2078973	1515762
gene17_pep8	16426	18878	19730	18155	16172	10848	10232	20720	18592	12122	20935	18650
gene17_pep10	247666307	175528325	274440348	118590506	248538227	202466579	236597424	247925980	243586785	236756363	190433438	113815828
gene18_pep2	139421	76076	79946	134121	107095	39725	58346	120291	90737	108712	106870	97925
gene18_pep3	749673	1041077	469970	314890	271877	255720	68451	399084	615429	246926	673526	435305
gene18_pep4	3828	1247	7499	6800	4370	9963	2238	26	2605	4566	1139660	3630
gene18_pep6	38	505	62946	1486	171	1765	640	1098	589	830	196	162
gene18_pep7	373485	107723	117428	145426	91549	262111	171223	248772	181852	172099	148759	65159
gene18_pep8	2829154	2684926	2363655	1006548	636064	2527968	4879493	1137502	3619625	1032395	2687960	1252246
gene18_pep10	24592	12410	27165	26780	36853	57687	38808	33143	28284	16685	28729	26527
gene19_pep2	463995	206230	234015	200402	231569	448167	84937	333831	196569	303691	310296	341781
gene19_pep5	132	274	312	69560	176	86	291	227	50	150	208	359
gene19_pep6	1682279	3071372	1957826	1782173	4042940	1863743	2046975	2248188	1746154	2148077	2303208	3873483
gene19_pep7	1530260	1613465	807278	48526	1365712	1466616	1091085	1724205	1157128	855750	1283363	1484102
gene19_pep8	83203	107987	70735	78641	21615	86080	91804	48655	57893	79036	77655	106035
gene19_pep9	10298	11716	3023	25615	7789	17901	14353	18281	15011	13871	18149	15360
gene19_pep10	134	55372	157	609098	232	257	50	124	154	247	293	3157
gene20_pep3	607	564	708	401	259	932703	784	21	774	474	970	1110
gene20_pep4	89240	130154	150219	3754	60611	86200	44391	60341	79852	131319	43579	64692
gene20_pep5	633431	726987	520043	423093	851542	304869	651324	593129	483768	503590	583291	585143
gene20_pep6	317232	144041	414743	586574	589707	290565	434727	461893	490593	141458	172456	331911
gene20_pep7	5847025	7511488	12515690	7860483	7311248	7100181	5450855	8971635	7227572	9230810	10455364	11746645
gene20_pep8	17664	4590	11303	31332	27978	1689	3602	35338	42269	20320	2058	16977
gene20_pep9	38275	46927	40272	48887	52928	37787	39209	48588	11611	53373	51749	43998
gene20_pep10	416171	136912	364051	37942	313201	269887	388308	395370	166711	158110	435510	253713
gene21_pep1	1304879	2996832	1033797	2303516	403350	806829	1550980	1830037	1004134	989126	1917667	1289824
gene21_pep2	15445	10245	15338	17182	16172	15645	21397	18350	17601	10987	21671	16341
gene21_pep3	21852	39220	87233	18984	3753	84490	25246	14080	117073	65737	122151	69534
gene21_pep6	18229	613823	508449	218550	315876	58164	535068	315250	15754	228695	404259	469
gene21_pep7	40719	57736	8464	34639	15326	30053	60270	24424	30980	57654	33461	20237
gene21_pep9	8610	11073	53147	15371	18598	16993	10833	12718	20968	2623	6745	17930
gene22_pep1	206	222	1117	2329	111	970	2384	3223	67516	89593	2510	698
gene22_pep2	9207835	8720021	8391034	7582384	8574856	7195834	9000176	8998923	9839246	7435329	8575891	8980307
gene22_pep3	33443	1955377	1921386	2240499	3883145	4209030	672994	1100246	40607	2209560	2921363	71258
gene22_pep5	851035	423407	175477	969481	81600	66586	1357	1948	781965	1172823	266529	594025
gene22_pep6	937354	383380	379472	706175	334200	301847	249337	114199	2134798	631498	238472	510468
gene23_pep1	49	147	661234	238	94	64	267	211	88	24	198	332
gene23_pep2	677705	362827	522386	312480	679188	176835	898335	385424	643967	560202	503145	318558
gene23_pep3	8252	6767	7927	9168	7199	6226	4234	10687	9150	11135	10991	10196
gene23_pep4	1370090	1857624	1479897	988968	1093557	1279608	723874	553361	1020684	826030	2128255	1361427
gene23_pep6	12784	11342	6585	9372	10351	10469	10359	9775	5448	6429	8870	12637
gene23_pep7	582154	753926	534264	712057	837232	557902	940180	77775	1293	732295	645746	454145
gene23_pep8	117547	82237	129479	75942	115703	56322	32014	76792	89678	55566	91331	82891
gene23_pep9	1797	699	1887	2610	1409	977	2819	1438	1780	2534	1058	1150
gene23_pep10	28956	31015	6267	30989	16349	13963	25460	19193	28806	30035	23781	22093
gene24_pep1	7616	1618	3099	4692	1316	1856	2182	4019	1345	1657	1206	1747
gene24_pep2	33212	59919	5213	47278	105492	145849	32744	24216	30254	26505	34554	27927
gene24_pep4	38261	476172	26316	82272	8226	76205	35682	28963	29695	23050	44090	29182
gene24_pep6	204506	133998	269966	185342	90924	147223	43021	98685	60054	71622	86409	135541
gene24_pep8	1036	1427	1708	1229	863	706	656	283	209	815	282	333
gene24_pep10	180	130	33	122	204	111	736769	49	87	84	97	52
gene25_pep2	3654	1465	3207	5356	4162	3037	10339	7284	9324	9157	8177	4586
gene25_pep3	9849	8190	10267	10350	10683	10475	24048	20765	18771	22492	15941	23436
gene25_pep4	4743158	3455559	7595423	5964318	2385666	920794	8430773	10529978	11237855	7351303	12448742	1544656
gene25_pep8	21046	17532	25142	16244	10513	18460	11538	21094	26148	27273	37801	44940
gene25_pep9	29319	44871	31155	56534	16703	690672	107462	67604	77938	58998	49741	50753
gene26_pep1	503180	334684	140814	322815	608798	228080	409083	226623	344045	194334	259332	393500
gene26_pep2	367781	395581	520725	661038	418150	282534	216807	337808	182237	405116	269469	67482
gene26_pep3	6	22	60	22	42	56	62	122	45	44	85	38
gene26_pep4	4987	31101	47953	36775	33413	73741	66940	990	60822	22523	37816	23004
gene26_pep5	20810	21272	20867	17782	23356	18299	19645	25647	23583	27452	23471	28438
gene26_pep6	3705	4248	4657	2506	4767	2886	3603	4705	3842	3459	3840	4496
gene26_pep7	22157	5971	18462	35521	16127	31781	39270	30158	11285	13657	35991	25926
gene26_pep9	766208	539788	342859	451243	665586	872740	776444	710726	658418	822007	569413	673115
gene27_pep1	1753	3036	5878	1443	3550	2313	2285	2065	3946	3273	539	4248
gene27_pep2	16949	32664	38000	24222	25798	31358	32682	26949	21329	38260	27940	32205
gene27_pep3	128929	56922	17205	22227	87261	38494	393831	9676	142204	61859	117270	208846
gene27_pep7	34429127	55067620	52675920	43444677	37465339	37192418	4175032	11065112	30162203	19936915	51604513	50427262
gene27_pep8	7773	6696	11289	5944	9313	2969	4530	5184	5995	10361	5419	6949
gene27_pep9	57955453	119887877	55995684	164182688	67089740	62056730	53410086	105602519	66728558	5503409	75505254	131327427
gene28_pep3	527345	458452	244301	203979	552132	347286	541405	1084927	851755	1047394	797508	901190
gene28_pep5	54653	57033	27560	54341	75029	63330	159824	156345	139049	135356	116697	81894
gene28_pep6	6691	7322	4561	3983	8529	3504	20171	12509	14675	13980	13013	982622
gene28_pep7	12126385	6135199	14980872	2920183	6319303	10766439	16857440	17597290	850367	24324078	5659631	17227887
gene28_pep8	157663	94136	70284	140820	112749	185611	279387	181479	298979	186203	249636	171975
gene28_pep9	5876	8726	6278	6174	4860	6320	14542	16453	9272	12803	10209	8727
gene28_pep10	24328	23604	27989	15824	19941	20941	43349	47005	52630	37749	43004	30523
gene29_pep2	6969	8148	6516	6416	6201	8008	7837	8479	7108	5957	6112	5877
gene29_pep3	3514	17537	11642	20060	8367	21909	19310	1579	19701	20544	18404	23645
gene29_pep5	643849	1798423	2631845	1141090	1789020	2816685	672840	2235582	2285328	1067431	261030	42537
gene29_pep6	2086065	1086346	1530268	2436732	1190988	1375991	1556690	1355604	1755174	1494875	1591580	1707930
gene29_pep7	5716	4205792	4316580	4279610	3719733	3404765	2229938	3678761	4082082	3655338	2155521	5378770
gene29_pep8	136543	108823	30162	248999	6966	179641	185052	64893	196296	148221	88740	137287
gene29_pep9	2270237	5322591	2817587	4268809	3846923	4786761	2527607	3114920	3640763	3803479	3838114	4125746
gene30_pep1	424869928	247426135	404841029	305062214	365143291	118524858	146101321	238379599	304873954	356796792	361601257	257154628
gene30_pep2	130128	50498	183	124588	111013	77386	13763	91803	65532	35787	69191	34948
gene30_pep3	7677387	13400502	6050470	7091023	11135817	14526812	17130398	10749570	15158596	9230787	4141680	2073208
gene30_pep5	442568	53276	357128	210676	168352	319827	753187	176690	198458	335756	246869	435126
gene30_pep7	1290477	1116297	1775318	2116160	1959883	1089427	2058703	1635390	1088816	1415782	887543	976143
gene30_pep8	140408	352063	421734	319191	238060	434651	8356	254377	62411	503110	712672	690599
gene30_pep10	320	443	179	316	208	264	251	278	270	205	305	326
gene31_pep2	453	604	575	550	498	635	38	290	441	637	635	825
gene31_pep7	373880	438258	280222	329085	503695	181014	757437	19682	104525	506429	201347	356942
gene31_pep9	242651	106425	113823	126622	196173	228722	144088	114988	113822	152349	147855	106127
gene32_pep1	33927	46383	37700	36280	29552	34236	33041	52916	46230	26925	53789	44783
gene32_pep4	53709	983412	11104	377454	1583	816390	781368	461579	935709	285116	6812	680292
gene32_pep6	6653	6441	6759	6656	8803	6886	5386	6806	6130	7550	7559	7076
gene32_pep7	646462	113160	918777	501530	272539	428001	555695	483898	1068044	392196	618256	516703
gene32_pep9	92447	87003	115264	5611	119929	252199	102295	178779	173552	157987	104279	123939
gene32_pep10	270608	168251	83430	275548	361367	258821	65220	286675	314507	261233	274337	377238
gene33_pep1	8598308	8184357	11880957	11896532	5701255	8617209	2460755	5790236	7420263	15265498	16397421	9977469
gene33_pep2	587630	479261	529358	653124	443838	600127	493952	528617	224583	466051	659098	265171
gene33_pep3	69247	49431	73517	17247	48572	66062	40837	54377	47228	48204	87450	50312
gene33_pep4	2286	930	2625	5677	1635	3010	1434	3498	2130	2887	3093	4021
gene33_pep5	12512	23774	20832	21894	15752	22218	31592	23602	24032	15828	19525	16747
gene33_pep6	7105	11013	8869	7861	11638	8502	8304	6284	5084	2433	6007	5859
gene33_pep7	50630505	11181916	14385600	30905715	39484243	6289661	39070759	51782523	42251626	19617847	48690258	33557311
gene33_pep9	184948	126543	141894	140959	209217	190485	178274	141227	183545	199931	125626	142811
gene34_pep1	282655	331037	493211	135410	174003	299942	631252	343418	461366	252390	520546	897411
gene34_pep5	376876	329659	427470	461788	479320	409755	972100	882898	842976	339114	903356	869422
gene34_pep8	47704	86431630	169470646	197890780	39757	160389498	344859853	5930	948006	205971065	220360772	515694471
gene34_pep9	21909	21261	3060	11457	4930	16427	46366	32369	32178	31342	44052	6578
gene34_pep10	38257	28597	32603	37575	22478	44998	75840	58235	76866	67329	75635	65501
gene35_pep1	39	67	51	65	71	29	71	112	172	63	129	137
gene35_pep3	272830	395198	195106	444365	237331	490566	569274	465252	657481	757317	204684	619843
gene35_pep4	9505	139	9624	5330	7677	3526	4308	16524	5734	12806	25732	4622
gene35_pep5	4602426	3601209	2416747	6281904	2580608	312342	3426671	197659	3310278	1433338	9161230	932486
gene35_pep6	866835	1519279	1703212	557764	1294589	983003	2546394	1832488	735300	2977329	642156	947503
gene35_pep7	823	628	1505	1117	1497	427	14	1664	1927	1421	1347	1216
gene36_pep1	681448	717800	533208	439514	843317	815518	869930	1269749	1715400	825701	451972	1149269
gene36_pep2	27812	10034	17884	23666	21360	26246	39393	24713	31113	39586	18148	62028
gene36_pep4	52721	309668	133577	178757	241067	2909	340629	247975	938250	498115	182566	675095
gene36_pep5	1594	1119	233	909	908	6	950	691	677	4934	1638	3690
gene36_pep6	177791	225684	201989	161055	233123	251017	324588	406831	321993	309998	453372	294109
gene36_pep7	325646	1859	4753807	3698159	485486	7112210	12576178	3988618	7362181	10711283	8306601	13994380
gene36_pep8	203045	142097	36918	9528	117473	241711	735784	457416	534003	733769	515430	403479
gene36_pep10	318306	167865	204341	254791	277828	175433	526165	425494	735992	621168	521362	662195
gene37_pep1	7356	2809	4228	5546	5933	4895	3995	5719	2499	8900	4781	3687
gene37_pep2	1683490	1008694	2658	335346	1001088	1340563	868148	1043027	1181101	1258258	237455	693490
gene37_pep3	43052693	21905858	16215080	12792407	19401933	33953759	17502214	34433196	20143934	16030446	6952897	2563
gene37_pep4	1442	1909	2253	2343	1640	1232	1936	2201	1243	2395	1601	1146
gene37_pep5	162815	119906	65790	138496	207182	82789	113916	190688	132176	186750	186145	190918
gene37_pep6	1289132	772696	666501	1396783	60204	825974	1187549	149034	4578	380833	1406353	137578
gene37_pep8	57892	1011872	114598	154641	84112	57434	10106	2777	75909	84780	20379	7719
gene37_pep9	2218718	1394412	1672242	1751437	1957528	1655657	1482644	2053343	2984029	1575031	1607153	1428270
gene37_pep10	197	191	208	167	188	212	185	235	178	197	198	185
gene38_pep3	56345	52281	31309	14191	45302	77052	62729	16026	69625	44028	103736	45656
gene38_pep4	49622	35192	25306	32012	8150	40128	22712	45362	33147	36301	61162	19755
gene38_pep5	291383	907772	140453	666019	572667	696382	128767	317738	403063	613206	161	781378
gene38_pep9	36174	44028	63539	38946	18919	36805	61840	27311	48954	45008	45073	59623
gene39_pep1	1575342	1258796	719998	274946	812346	530146	1235628	830432	253197	869990	840526	80482
gene39_pep2	4642	3063	4818	3279	2144	5032	1615	3417	2400	2362	3184	3817
gene39_pep3	6814960	9571007	2153489	7605879	5268863	10854046	5564770	5098160	6297838	5825079	2779424	4128868
gene39_pep7	2077093	89149	242826	2247932	2232895	1097845	405241	1318034	886842	802073	5713	22375
gene39_pep8	63403	84471	99186	50062	65187	55936	48466	46615	46472	57291	34220	46490
gene39_pep10	65596	47685	82531	64192	63618	83311	49556	48782	71590	76102	58185	73729
gene40_pep1	2284	11433	8384	6945	6119	1656	14473	5744	11388	9355	6240	5292
gene40_pep2	455814	115988	825544	192932	1619291	198647	747320	946340	1391304	1252882	1367426	5016563
gene40_pep4	1943	578	2851	1326	1857	1437	327	1384	1913	2796	1661	3137
gene40_pep5	1710182	1809397	1043048	529492	1466619	1561405	610861	1730173	778311	3152152	4237	1897407
gene40_pep6	44108	32537	54300	39860	29521	79889	59622	64681	44397	63675	61261	54189
gene40_pep7	830179	1327874	727902	967544	1201232	818688	1371535	528858	1595652	1125562	1357762	769026
gene40_pep10	4247	4153	519	6155	1867	4403	3700	511	7230	4491	5631	4466
gene41_pep1	2417	1208	5261	5112	3511	6652	2897	3777	4070	1578	3547	1480
gene41_pep2	13597145	10898139	11196628	16310570	11817628	9671521	7336917	6140563	6072789	6699087	6290501	6391943
gene41_pep5	383541	145686	10062	225098	335155	243364	163822	33066	99592	163635	139386	3939
gene41_pep6	733	829	1003	1092	313	829	500	406	633	456	567	464
gene41_pep7	23384	16196	21027	13029	15622	18929	10595	8371	9506	6143	13201	6703
gene41_pep8	353301	362875	366118	369407	646598	730788	187995	151	162360	175165	15346	236653
gene41_pep10	95577	102897	121580	40270	85573	120507	52688	48218	48775	43001	37487	25994
gene42_pep3	21508	10201	20333	13250	12871	7152	6854	6052	8469	4952	9088	6033
gene42_pep5	1389713	567764	163383	60723	1055111	432230	612696	26085	632712	4079	332934	1449877
gene42_pep6	896	4143	2102	11898	1288	635	185	1165	2753	2084	3125	2350
gene42_pep7	7361	2738	13570	3363	2362	9251	155	1886	6169	4393	4699	2823
gene42_pep8	1665	848	1389	716	1152	905	541	477	681	266	682	639
gene42_pep10	162431	248520	215955	406680	400354	377565	190844	211901	160206	133125	132469	191940
gene43_pep1	12043	9457	17796	23176	18259	8139	21902	17715	19349	21251	13454	18290
gene43_pep2	153021	164782	58588	109155	113002	83999	104541	111236	125910	56274	67422	66041
gene43_pep3	23336	18559	44349	2969	14588	35006	36198	25214	35147	3166	17192	34901
gene43_pep4	706360	1347387	393632	13286	2528994	355804	109	5013035	2818624	32541	807331	1313260
gene43_pep5	89790	73929	64359	67259	47989	85006	97635	69709	78224	151716	55097	55420
gene43_pep6	27294	62014	91772	117180	118606	79191	74116	117893	100434	121297	76973	138290
gene43_pep7	21786	17778	86582	20600	77956	63407	51162	36889	62713	56188	19795	41452
gene43_pep9	19210	21622	25353	28337	10354	12486	21924	22338	19279	6498	17671	10737
gene43_pep10	549013	500354	221988	483465	559182	511444	455674	393433	454772	684720	546508	372583
gene44_pep1	316252	368760	295650	168383	216619	331661	306886	304951	510923	401294	248328	235521
gene44_pep3	841	635	622	894	907	1605	619	843	228	1397	793	822
gene44_pep4	1673369	417279	610464	571647	1102220	1052345	938957	269200	872908	1875668	1253391	1470935
gene44_pep5	49860	5114	34707	31520	3306	30310	21572	30594	27481	13999	42954	14054
gene44_pep9	70998	41530	153160	177844	137938	118308	148276	104147	113213	74234	40453	143835
gene44_pep10	98419	201890	112107	87347	115705	248755	73747	109418	68798	81207	146887	105136
gene45_pep1	2853	1110	1766	2194	5185	2055	5847124	3239	2988	2154	1850	1202
gene45_pep3	7186	12340	12324	10293	12138	12469	5936	15475	3555	16208	9412	13092
gene45_pep4	81969	120283	182383	39591	53003	120264	176327	23452	106723	60063	143355	78393
gene45_pep5	2483	5204	6482	7321	688	1903	6474	5002	2712	6230	6365	9160
gene45_pep7	138774	43076	21957	199346	734710	105089	92681	85588	56692	14690	113718	52542
gene45_pep9	224683	281170	324508	307079	166314	276141	175228	238431	325396	306219	246170	290850
gene46_pep1	940778	967801	614774	737805	481345	752058	559200	667835	1096665	842134	749520	1081682
gene46_pep2	269	284	358	226	707	179	475	146	88	233	433	361
gene46_pep5	2827249	2743546	3583187	2447104	2829221	3076440	2142219	3956938	1715952	2295000	2428582	1949812
gene46_pep6	38530	2449	32732	17280	10509	23782	18227	3972	31159	14254	21244	27133
gene46_pep7	331219	486187	266589	470562	177027	315980	190803	200872	151009	278791	92414	485914
gene46_pep8	384879	363606	408530	378362	404201	627600	667569	519298	511783	493701	474212	473227
gene46_pep9	377378	310970	381951	347721	537032	320204	154726	441780	276025	350223	268969	298114
gene46_pep10	305804	367779	313654	268193	123815	200807	138699	210398	158442	362967	314089	137524
gene47_pep1	2793989	4565172	3679153	3172657	4961098	2331986	4654941	4851738	3086310	3249307	4560865	4404556
gene47_pep2	25168577	28544584	18896647	15738109	35353020	1272979	34247234	17328121	20207522	24862489	15792114	37488388
gene47_pep5	102544	90935	95343	137465	105539	106049	99357	94583	119380	91525	124830	99601
gene47_pep6	44318	38534	54738	46185	30038	45866	54837	29280	26864	43829	51086	36343
gene47_pep7	175180	127987	205916	243441	3986	275063	171369	180147	221461	258505	157166	96778
gene47_pep9	73658	55797	61915	82886	67035	81955	82243	73382	83221	80664	51015	45903
gene47_pep10	113174	227673	273113	176710	352424	4448893	481108	490930	301132	554702	289074	346290
gene48_pep1	352	363	389	173	8574	15	205	285	266	231	34882	206
gene48_pep2	11588328	16012393	10858332	12257512	16575391	13935867	10394649	12311962	15299288	13772122	13245588	14596512
gene48_pep4	665653	1152340	756279	224291	296845	137089	2276069	18067	551514	1196883	253858	1168157
gene48_pep5	26476	12039	33784	23179	17534	20868	24647	17554	15332	8717	11085	5569
gene48_pep6	947570	598819	348927	867863	453993	1053689	310988	418081	374631	917689	1105469	922595
gene48_pep7	5740	431	6415	4662	468	3245	8386	6930	4471	6669	2049	5495
gene48_pep9	32591	56811	32661	43964	36084	54499	38335	59525	46409	59766	51081	48928
gene48_pep10	3369464	2455826	3468642	1370837	4098794	3211568	710577	3738151	2811598	1424664	1944755	2008274
gene49_pep1	162724	744123	230391	946923	141849	647683	574332	131803	186054	330138	164892	358945
gene49_pep3	6407	40494	11259	30395	32764	4672	49673	13383	7839	643009	15704	28740
gene49_pep5	37139	28126	26619	10669	19227	7424	55146	34016	34620	23972	23706	26529
gene49_pep6	146188	7946	169517	29631	190132	765283	49865	175173	81346	122912	112822	185627
gene49_pep7	720839	719771	840938	787380	820922	477247	972943	601044	864269	747678	560932	396779
gene49_pep8	7946469	4962962	5586349	6742802	2986321	4805814	3126760	3573355	4662388	5315448	1560210	5926036
gene49_pep9	3645	2871	2302	3297	2250	3017	3016	4464	4621	3057	4277	4342
gene49_pep10	51298	95557	92484	76574	3007	93209	5384	73581	53172	186530	45230	188980
gene50_pep1	1054	637	1004	610	1064	1412	1627	987	1055	1846	755	1460
gene50_pep2	8802116	16923657	31846948	25245751	17133997	18547980	9714832	21966313	17826022	18948833	11273771	15939243
gene50_pep6	20497	33360	27162	29010	28562	34611	22253	30884	41948	28380	42094	29020
gene50_pep8	8097	7063	6202	8780	4849	7452	4484	7576	7084	7695	8919	5870
gene50_pep9	166323	126052	105743	112128	95108	100734	142612	104472	68411	37349	79897	34781
gene50_pep10	541676	684384	584717	791436	518372	849395	636732	595192	533758	512925	675825	495763
gene51_pep1	71845	83118	90546	61265	60001	68150	70814	45953	98698	50464	61685	91439
gene51_pep3	14951	5180	9118	10325	17567	8022	18949	16148	17341	3165	17430	5777
gene51_pep5	88419	129708	208934	131086	101855	76951	141807	110268	85485	63220	74070	69929
gene51_pep6	4	5	7	7	6	13	9	10	19	9	3	15
gene51_pep7	189	23	14537	129	166	115	85	10	136	77	106	41
gene52_pep2	8365	4220	13492	10615	15522	6209	670	3620	2109	8626	6443	2894
gene52_pep3	833611	800388	402866	1203766	717777	319434	398326	219821	125404	139068	541269	122908
gene52_pep6	3147	4943	4385	2356	455	5564	1076	1128	1055	2849	1885	1183
gene52_pep7	602	1101	669	703	837	1131	460	326	452	476	315	205
gene52_pep9	6498353	6129702	5901682	4187309	4921410	3059975	2498044	3060942	2573309	1771923	3425493	2669015
gene52_pep10	335	170	408	203	127	223	108	188	163	125	80	102
gene53_pep2	180	4246487	214	378	2	109	300	322	440	73	385	272
gene53_pep5	89220	23528	100606	94142	101883	96948	90284	160786	104025	12089	98827	84500
gene53_pep6	85182	72050	83619	37912	100660	64975	74697	52233	78442	51230	68193	73811
gene53_pep7	261779	1561989	1700280	29426	3144468	1182509	1267321	1875890	3513317	152807	2092768	1160780
gene53_pep8	3418	1772	6142	3820	1211	6291	3016	2456	4889	6155	2511	5318
gene53_pep9	32883	40095	76668	74584	29204	52436	155637	59950	87836	67064	92024	22836
gene53_pep10	11931	12865	13709	13609	12829	10403	16539	11498	12011	11613	13341	11473
gene54_pep1	25239	27422	28146	72531	41647	33241	24097	62511	36297	51406	57588	2288
gene54_pep2	90348	69707	41271	140901	70778	72832	22441	89096	103743	69062	100833	142333
gene54_pep4	98450	67803	36605	63451	55945	100857	48943	62947	80152	102701	48744	66974
gene54_pep6	114574	129193	75959	148870	120460	102859	129009	70948	47975	102298	181537	129028
gene54_pep7	830629	673361	620168	288449	945408	380648	600113	493221	306569	1092030	15196	256044
gene54_pep8	1535	5905	5909	2030	5641	1303	949	233	1721	3826	1367	4601
gene54_pep10	69	396	361	205	216	295	20	185	294	102	195	444
gene55_pep1	263	305	354	276	3551667	357	371	419	91	602	183	219
gene55_pep2	497246	432687	369589	366046	407541	321674	344907	281780	352679	371176	471057	259432
gene55_pep5	229517	61777	425797	578994	450493	502583	322391	93949	50839	1170046	1181802	514663
gene55_pep6	4749	3782	2071	14564	1516	3781	17404	14048	4675	2442	4321	14758
gene55_pep7	5593	7611	6505	7796	11645	8062	3494	10633	10144	6328	6681	4945
gene55_pep10	154709	129164	119824	168095	72040	117034	129553	147987	151365	99679	127614	103086
gene56_pep1	49218	31953	78326	52325	49225	41965	49999	80176	65681	31445	51440	60814
gene56_pep2	3169080	5994264	1606645	4738998	5847	7584204	5514285	5929928	7742761	1117884	2235169	3792537
gene56_pep5	14151	13112	8536	15010	7220	11625	11049	16089	19619	12214	10891	8141
gene56_pep6	373516	312085	306389	619269	165058	757119	71328	336874	334180	649106	343066	490529
gene56_pep8	2459	1670	1858	1927	2504	2076	3227	2408	2545	1697	2168	2508
gene56_pep9	162819	144530	220947	41784	139820	175455	173316	127888	333466	27089	81084	166685
gene57_pep1	17130	20939	21134	17876	19759	14433	36562	45539	32216	36616	38904	34700
gene57_pep2	321993	305454	176196	93696	279074	466280	652740	931124	514031	1100347	158647	206429
gene57_pep6	1105301	1497635	1531370	953334	1905805	1631704	1580682	2958772	3499086	391017	2415696	2046724
gene57_pep7	808366	367274	537385	210956	578019	407912	1956315	901988	698089	270909	537595	1051538
gene57_pep8	50091	58423	45544	30580	56186	53577	114557	95461	121737	137895	131234	65516
gene57_pep10	44979	16187	72893	27775	47233	30992	467238	132801	155993	170460	387600	89163
gene58_pep1	63513	20192	22082	17209	52497	36080	52084	38062	28558	16900	45576	53024
gene58_pep2	110745	17003	41638	16491	4569	70554	33007	354199	39156	568427	8049	5173
gene58_pep3	1273	520	1480	1327	47	655	1214	1525	1411	853	501	788
gene58_pep4	1724956	70535	678331	574671	348511	591320	1077916	1051366	707503	1216885	1746110	975349
gene58_pep5	369069	326017	71914	190	223019	317016	338615	372632	347317	190731	238056	254481
gene58_pep6	288717	114698	159052	508371	218017	174529	320028	233499	397890	169073	270817	211754
gene58_pep9	22904	38849	25861	29300	29860	12389	21710	25265	32423	37683	13727	20705
gene58_pep10	25186	24735	17726	9032	28935	13779	30247	25848	2071	13831	16049	147
gene59_pep1	56785	49660	44658	68812	55360	103775	58124	73494	33315	56494	70736	68113
gene59_pep2	318	656	560	666	475	457	582	344	484	558	717	485
gene59_pep3	3207	2764	1325	2802	1178	3460	2820	3048	3354	3533	4157	1317
gene59_pep4	1031111	360048	1151133	420860	263963	373457	939807	401932	449507	1191064	380406	853392
gene59_pep5	10063	6845	3866	1335	8223	13053	2899	3986	9199	11946	12702	10524
gene59_pep6	24853	36046	61059	65332	62499	14141	63664	53870	37189	42954	43556	60186
gene59_pep7	57589	115751	71062	82099	103963	32189	76964	104745	117804	136604	88034	108770
gene59_pep8	571226	531990	231510	480309	332821	926375	34255	361242	324309	208313	691975	23114
gene59_pep10	126040	71182	73339	127830	139278	101079	103495	91714	86529	100468	111537	64526
gene60_pep1	27274	14340	20777	13528	17954	18485	23860	18377	39858	70684	53841	61929
gene60_pep2	3259709	4093576	1436525	767082	1427530	2243677	2227760	4061565	10194436	7127014	7808625	3219126
gene60_pep3	22806	13254	18479	19919	21245	23100	44601	41793	36484	45141	61098	50508
gene60_pep5	526	857	713	730	725	429	1051	662	1257	864	1399	1272
gene60_pep7	478	551	651	436	527	503	777	724	1196	1307	1291	771
gene61_pep2	2898	2834	2747	3656	2044	3499	3672	3873	1968	1446	4171	2558
gene61_pep3	4691110	7426130	6048322	5386504	5348507	7314923	3091336	8018581	11732046	8989017	6226431	6078758
gene61_pep5	61	147	64	110	119	123	120	127	86	69	118	132
gene61_pep7	199574	11957	116830	80004	79475	123322	5084	58427	39828	59532	171908	99884
gene61_pep8	105886	121298	27043	47051	74162	51974	33111	28834	51034	14089	25385	65431
gene61_pep10	2134	2135	11548	865	715	926	1947	1423	3080	1404	2635	1432
gene62_pep1	3432	3538	6119	2799	7249	2906	2531	5743	3599	3054	4860	710
gene62_pep4	264418	178626	167381	290398	154622	76027	223219	274673	191050	96237	184958	157685
gene62_pep5	14561	18399	4385	16548	14921	14167	18116	8233	10188	14880	10237	9500
gene62_pep6	1088855	105860	29322	143463	113110	48252	139771	93859	236504	187592	210382	84984
gene62_pep7	153012	220718	249248	149688	264156	210994	173360	335126	190755	267603	157879	249474
gene62_pep9	157843	352316	697525	892554	1743806	1690544	305774	831658	677830	9569	67583	19167
gene62_pep10	785293	822277	683180	690748	656424	888843	938835	598390	615428	748097	596274	612827
gene63_pep1	4290773	3012163	1349214	4227453	4491155	2782120	3101395	1206738	3657	1064855	5586450	2242464
gene63_pep2	8630	1380	24166	4155	11782	10295	14917	14393	19708	5909	15353	16258
gene63_pep4	309	1196	2444	1793	1096	1499	845	1729	1110	1644	1764	657
gene63_pep6	4699	3200	4951	3398	6903	3265	860	3368	3145	3321	5330	3225
gene63_pep9	11772	29554	26429	20788	4397	32118	12433	28361	17895	21884	27303	16778
gene64_pep3	23696	13221	9536	13351	11430	4430	13778	6085	16607	5049	9448	19060
gene64_pep4	328	554	462	669	465	246	268	373	422	312	661	331
gene64_pep5	8423	39347	46995	42193	41024	45472	63397	38105	45311	23797	14637	54874
gene64_pep7	117219	246747	110644	141773	114558	99815	129530	111109	148437	130838	175960	120968
gene64_pep9	2973	3263	2720	3461	2218	3948	3272	3711	168	3282	2095	2421
gene64_pep10	1685	2328	954	1308	2673	1556	4500	4305	2498	3172	2873	1937
gene65_pep2	3688	3643698	6511104	21319151	12682839	11921725	1744896	8444578	4266169	3759883	6816422	2236824
gene65_pep3	2751632	1875852	1852055	3888374	3690136	2620988	3399667	3427230	3336838	2229445	3335596	3820412
gene65_pep4	11244	4156	4287	6668	10197	4601	13002	11682	5197	10817	10592	3644
gene65_pep6	18635	32720	22829	18756	16770	23073	5342	19023	23647	20623	29757	18354
gene66_pep1	464	412	277	316	408	457	428	649	499	311	280	344
gene66_pep6	1702	4285	3905	6065	4393	4688	4810	5736	6652	5062	5128	5329
gene66_pep7	107	222	264	319	154	221	286	262	221	226	143	392
gene66_pep8	860497	954926	938001	1192438	1161077	730614	804190	697881	1079539	983255	1209894	1250935
gene67_pep1	6629	10058	8080	5702	10675	9899	21584	16066	15209	4473	5817	12022
gene67_pep2	6370	17301	34285	1738	13264	15527	18091	13026	18339	30576	7981	2353
gene67_pep3	803417	1139593	1525426	1342032	655337	930182	908490	526686	1592208	1810629	1101482	1744546
gene67_pep4	32289	169547	146230	198063	99836	81172	68173	81756	67405	61721	119152	324382
gene67_pep5	22910	50984	67272	8842	157419	107431	144014	136338	91388	92064	729741	17360
gene67_pep6	65365	91482	42111	44342	86381	40801	95318	105208	65405	92627	116234	39460
gene67_pep7	272564	222005	141185	79352	153415	182821	146197	75536	265967	256571	202057	276770
gene67_pep8	3178	3787	1343	6158	6345	3776	31568	956785	7326	6959	52485	4017
gene67_pep9	23804	26995	27552	43225	37432	21743	13478	57354	31787	34665	23305	21826
gene68_pep1	120314	194170	81796	114534	47301	114577	126123	170590	257109	187522	329239	244610
gene68_pep3	10671	93859	38800	118687	84466	34411	389286	386629	199675	250639	30981	52924
gene68_pep6	11696955	11037000	14741332	808921	13124501	10394131	27604804	33709204	19072065	24075420	16713099	37181121
gene69_pep1	341	225	319	448	425	635	201	359	281	328	313	216
gene69_pep2	807	1372	1015	1099	900	1355	990	820	925	1083	842	969
gene69_pep5	927867	2260072	666398	1345504	1200229	1547486	1195034	348586	1472963	98722	1491254	1153324
gene69_pep6	1632788	1627069	214732	252083	1111083	1340766	1060453	2356491	982689	1554580	1175681	2246510
gene69_pep7	135506	261467	99452	7164	45188	89026	117589	157197	158915	91475	157031	80178
gene69_pep8	120	122	124	69	64	85	89	65	106	121	77	97
gene69_pep10	3263	1129	6550	3095	3671	3372	4114	3965	2087	884	3957	815
gene70_pep2	2269313	3041186	1285037	5170517	2043800	2795947	4871378	7404643	4046179	8140844	9635	2447229
gene70_pep3	107425	150537	18565	34134	134757	95998	224356	273067	7572	209414	125204	12937
gene70_pep4	2407	1762	3774	3157	1837	2693	2228	3668	3540	1904	5652	5831
gene70_pep5	5947	4593	7801	7230	5671	9451	19031	17739	22655	15308	15214	23432
gene70_pep6	3993	4634	4143	4825	7533	5108	10557	8208	7644	13546	12046	7491
gene70_pep7	2370668	2461303	4185296	3219828	23795	1990731	6798122	4176392	3954070	4392036	5655653	6822762
gene70_pep8	6768	11706	10770	27324	55707	30452	174446	120805	78602	92264	120843	137908
gene70_pep9	400017	353803	217209	652728	840354	290858	398795	1388830	1018761	1850468	548451	743139
gene70_pep10	161	1961513	1565015	931667	1453319	1980245	36557	3502798	1337156	3183433	1540291	5076642
gene71_pep2	20311	41842	22685	37024	21845	22691	7347	28930	28443	42072	18598	37475
gene71_pep3	10690	8424	20547	12344	13198	16035	15802	6924	15433	7802	12498	6423
gene71_pep4	65428	53568	40946	92929	62692	78613	85127	39851	75934	25974	62519	88745
gene71_pep6	3778	2867	8975	27168802	3206	7050	4499	20184	3526	1622	6855	3268
gene71_pep8	7896146	21966	102576	106813	70381	18772	4677	330669	64356	94373	1177392	124669
gene71_pep10	28061	42010	22516	29435	21104	28317	10944	4870	33298	14495	16247	41511
gene72_pep3	260829	112616	132669	234785	235503	334033	442141	285983	163819	518302	228297	378100
gene72_pep6	160529	43097	78733	163568	17428	128533	118540	189928	189252	253196	206626	361651
gene72_pep8	17474512	4208644	10052461	5048	9141628	18958225	25348942	26123342	24862019	12695950	59071680	35919197
gene72_pep9	7150	5699	8642	14672	6274	10509	6292	14580	18101	21199	25724	21762
gene72_pep10	311040	857	190776	165176	202706	164523	486994	618331	213466	408868	458194	286311
gene73_pep2	10218	13769	11157	13809	12284	8113	11663	9142	15052	13950	12197	16174
gene73_pep3	2084291	1141212	2284527	2125471	1077270	3123347	1754096	1970002	1827903	371902	2912364	2433392
gene73_pep4	7315	16979	27802	8714	20327	27101	29513	11016	10585	28661	27129	19118
gene73_pep9	177063	211976	211658	190344	206977	181517	202653	188837	193276	248286	186821	160074
gene73_pep10	145035	200981	61080	155342	70895	142708	97639	197958	95410	182765	107494	199017
gene74_pep1	57	103	6	2383068	109	348	147	1914229	18718	11017	26	248
gene74_pep2	7873762	5342694	3780855	3659498	6538711	2672712	8044308	3717408	4029465	6172862	2703014	4379667
gene74_pep4	691247	1064524	507389	1196378	865445	1706964	2205760	262695	926430	460102	1087809	360072
gene74_pep5	88935	135382	2270	152980	594922	57546	160247	45423	100461	340760	62834	168425
gene74_pep7	127525	93709	232270	163475	202523	96999	12995	9610066	23838	176473	8460	194189
gene74_pep8	5698	6704	6454	5716	4239	4885	5118	5815	3856	6546	6243	2417
gene74_pep9	2057625	2349997	1474906	338355	1091087	2415056	1451300	1589436	1846944	1207940	2403196	1465931
gene75_pep1	34787	32004	12812	43771	32807	49854	13022	56227	53739	49775	12003	41237
gene75_pep2	38931	22295	15608	21132	16509	17419	17615	12816	28926	11991	27316	28139
gene75_pep3	32503	849531	16770	11362	38370	50059	19423	88437	44723	82634	11026	45363
gene75_pep4	1350130	2623762	2900461	4111121	1941705	3722778	4649862	5115263	3895939	5713600	3454604	2254536
gene75_pep5	2741	13292	15543	197	18897	11863	33432	25246	11575	22519	18530	46346
gene75_pep7	4702	4508	4648	5704	9370	6387	6288	5500	10535	2555	6254	6207
gene75_pep8	34558	28090	17178	25583	11413	22880	17335	10236	21001	22969	39124	30622
gene75_pep9	1784832	1216995	1440076	37165692	1090388	506245	1029024	1163668	1087533	1421906	786396	1251374
gene76_pep2	678430	324734	566799	894222	101071	918826	1602457	961527	502072	689174	1129454	334456
gene76_pep3	3979	3212	3497	208	4260	1537	5122	384	4948	838511	3385458	2739
gene76_pep4	6501	9630	8787	6583	4343	4952	3999	6613	4644	9043	7317	9230
gene76_pep5	1887855	1869118	1443037	541109	1752829	1909935	1891504	1129675	399146	1343402	1741360	825713
gene76_pep8	41118726	43520697	43189905	12681009	87805126	85075916	99291492	63318005	49005032	39052117	38409930	23626243
gene76_pep9	367504	202916	324668	192154	551255	377624	393456	455406	472933	638389	243171	411832
gene76_pep10	40321	34591	35231	32669	29128	13433	48491	38015	31422	47741	37226	35113
gene77_pep1	14139	15211	7451	15977	13135	20429	15996	13654	15319	8029	13421	5443
gene77_pep2	57971	33075	94871	79173	23328	61773	36449	80610	60363	2229	20160	14970
gene77_pep3	895293	431354	609610	929893	641070	914403	559191	875240	653059	460595	718863	536217
gene77_pep4	480001	501641	530674	95512	260062	19947	15346	779227	829	396244	400077	61066
gene77_pep5	12856	28894	15336	12543	18367	19055	31995	23328	19232	26676	7406	7593
gene77_pep6	338514	153124	275671	19576	241359	775261	315201	173583	9374	277137	307198	238615
gene77_pep7	1179	516	805	985	585	1596	605	1267	771	838	1278	923
gene77_pep8	14603	33514	39617	2474	32322	10764	33977	17310	45558	60277	35926	28770
gene77_pep9	31682	35579	36802	30539	44567	51053	25315	36132	58277	47497	36136	44542
gene77_pep10	742681	444502	933407	1153675	689926	795607	1084020	863856	476461	608013	762241	902632
gene78_pep1	79	221	318	204	243	237	59	153	404	109	343	154
gene78_pep2	212259	178835	297761	161504	251293	225168	178577	100430	44734	193309	322400	190151
gene78_pep3	37852	20955	29978	27649	31091	35025	36546	41903	25245	14450	31921	42999
gene78_pep4	663	360	575	537	354	500	417	567	524	725	377	307
gene78_pep6	261944	267894	164611	167507	157419	214987	217879	194153	225376	116123	257887	213869
gene78_pep7	4423	6138	2355	1086	1695	8783	811	6671	161467	5977	5078	1666
gene78_pep10	88122	104849	63427	65781	47787	74418	46132	61668	53186	93813	68492	112369
gene79_pep1	3792	6369	2795	6531	15841	10097	10814	10120	13300	3887	5922	3827
gene79_pep2	6815	5999	5117	5767	5890	5682	6209	5846	6969	6778	6343	5670
gene79_pep3	56394	64565	40511	56509	51004	18068	67292	41608	48278	35820	55379	57943
gene79_pep5	71669	251847	276806	104633	151153	213973	56368	207567	9955	182765	120508	90293
gene79_pep8	3913793	9712595	5030839	8462768	34442	8043159	7828151	4116116	3573105	4451936	6984662	8201708
gene80_pep1	10277	5641	5084	8123	9903	8436	12622	6371	6803	8590	5456	6823
gene80_pep2	165	232	142	200	75	158	225	110	139	225	134	133
gene80_pep3	536328	682042	811286	514358	379840	561131	770987	388725	931515	721290	900615	1264605
gene80_pep4	68867	31312	62317	68602	30566	65681	13673	19498	43134	46897	10968	74258
gene80_pep5	37795	38497	60564	51971	25895	15463	19736	22904	30022	48924	28778	31597
gene80_pep6	853	764	443	641	707	1361	457	484	688	686	557	1484
gene80_pep8	1039036	1347614	1314150	1188105	783201	1238246	1378412	1471405	1212663	1211422	911425	1421335
gene80_pep9	105139	87824	130732	104333	194831	111363	169219	14651	197790	113046	174396	52388
gene80_pep10	2615	4374	3553	6418	7001	8561	7143	8565	6193	5014	4541	7257
gene81_pep1	2361	2866	2945	2115	2768	2264	2682	2547	2409	2653	2077	1863
gene81_pep2	411401	159817	296535	262985	445129	408035	418396	329153	464716	168920	365475	267739
gene81_pep3	7967	6543	3006	3788	8943	9106	4749	6410	9774	5831	4397	9746
gene81_pep4	32653	76723	47819	60842	37125	16293	64667	49358	650386	16385	17107	45480
gene81_pep7	2971	2115	4413	5206	3947	3702	2403	2495	1841	3011	1275	4985
gene81_pep8	1066000	414882	481709	468331	636189	293695	516321	495644	784085	423336	291934	1353260
gene81_pep9	1811851	1621930	3539062	5278	1998806	221289	1518543	1440123	127832	1571939	21870313	2362613
gene81_pep10	13423	435924	114960	250719	118026	353538	187871	428293	583901	75258	565646	266996
gene82_pep1	14471887	4857207	9296407	12820732	16940880	9481835	7587642	8413012	12216440	7781662	8874613	13536942
gene82_pep3	77	38336	134	118	104	172	52	5799093	72	89	206	22062
gene82_pep5	209486	72540	463359	616085	286646	115948	316935	425997	304188	700620	330007	262277
gene82_pep6	34886	37611	37174	36240	48637	29056	94921	42944	49172	49156	29871	25410
gene82_pep7	957657	75440	958778	563746	751778	653005	511862	783407	796045	665310	503994	320119
gene82_pep8	633149	637621	2310	842439	139898	391202	112935	556088	959528	457217	660531	179297
gene82_pep10	9	8	20	21	11	18	19	18	17	6	10	13
gene83_pep1	91306	18459	35029	30915	875769	81802	68629	104986	7290	190573	1898	117984
gene83_pep2	427	258	572	981	492	947	1351	409	1481	1366	2419	292
gene83_pep3	362684	284407	184888	243984	110401	183790	693200	446145	197620	559324	482480	1183725
gene83_pep4	5488	8028	11312	6205	4180	4859	10507	8092	10047	12257	17025	17573
gene83_pep5	15750	14772	24500	21967	14980	14812	42920	39427	18583	42410	23277	53301
gene83_pep7	661072	733894	372958	429507	416572	302821	1186406	697071	714312	949598	256961	751664
gene83_pep8	1548	1108	764	1745	543	676	2470	1691	1917	592	1464	2341
gene83_pep9	166288	345084	291850	72231	260582	324226	352675	487481	165957	527199	218813	314182
gene83_pep10	178414	175700	57423	97343	2117	114121	391083	278649	348025	118010	580468	71578
gene84_pep1	59837	133043	87555	70260	37459	115810	66510	43606	104702	43714	55234	55755
gene84_pep4	13652302	8978182	8901987	11545374	18635654	1095414	1110763	7931884	423283	3657767	15074241	4867136
gene84_pep5	95831	50441	44494	27751	64606	48383	51636	56984	98215	12379	19855	91093
gene84_pep7	868	856	1067	871	568	1050	910	1112	1063	757	957	1094
gene84_pep8	15140	499587	362747	260224	307	14287901	932042	381820	33166	319574	238976	345801
gene84_pep9	1445	959	1969	2396	2228	1114	2438	1233	2161	1397	1806	2621
gene85_pep2	239774	188686	208722	163635	209392	229549	232793	190691	159683	258485	174907	190254
gene85_pep6	131415	35219	38203	114687	28745	151738	58995	82509	107522	90146	26339	147344
gene85_pep8	733241	903588	1146029	923554	845932	824376	1043690	610857	593242	688810	667389	666145
gene85_pep9	1371	1837	1737	515	1392	1066	1671	2044	472	1507	1989	2008
gene86_pep1	8836	30439	15935	11083	27695	20546	31962	45160	44109	54266	34315	24316
gene86_pep2	24806	23749	29414	3728263	34021	23169	33855	92744	83394	87331	122788	63261
gene86_pep4	22268	23194	16580	15130	14187	24982	45431	46804	48319	44857	37870	13944
gene86_pep5	301	126	126	270	561	332	1178	492	1232	380	770	19178478
gene86_pep6	141606	34953	38644	133036	110051	29179	185969	392086	92560	310445	239348	271146
gene86_pep7	228617861	161247886	149537319	156123891	216350433	206496497	503687952	412508969	416552684	324301789	289264576	363125348
gene86_pep8	1113	1616	3923	555	1759487	1497584	3167	1295	294492	10113	5998	3776
gene86_pep9	277	249	251	168	312	315	706	292	326	516	328	643
gene86_pep10	1327	2261	1293	818	725	1931	3320	4318	2290	3362	2180	1228
gene87_pep1	2802334	3130824	574763	1245754	2645509	2017560	1846843	4279414	3752038	818566	3368821	3386653
gene87_pep2	1254	14835	7127	8218	4110	24471506	3495	5161	6126	9035	6992	1731
gene87_pep4	167284	299781	129266	448420	249562	98989	207198	250895	273366	219575	306204	50336
gene87_pep6	82706	75517	23571	75647	68301	46482	21694	79025	84050	61427	18262	31817
gene87_pep10	9639396	23226324	1397804	28870	62730	449468	1710560	6127921	10437553	4622414	15067396	11404288
gene88_pep2	1525	98	1854	4627	3350	274	3413	2928	2717	7289	1731	2250
gene88_pep7	34258	61825	48757	35545	28337	35497	14821	30826	25443	28157	36700	68057
gene88_pep9	2025274	1206283	1764699	2048631	1778414	1862519	1800090	2056889	1911569	1800859	2154743	2376831
gene88_pep10	5269	4152	3165	3482	5063	3206	3467	4333	2768	3342	3508	3659
gene89_pep1	315729	588789	191560	1041580	1087470	112	15389	26959885	2106	395283	64520	196643
gene89_pep2	2416	3301	3664	2270	3240	5270	3031	3436	5134	1907	3078	2627
gene89_pep4	831412	919700	1286374	538822	905125	160341	346965	707236	869044	36382579	985757	969549
gene89_pep5	42708	50	62020	56635	80729	40307	39019	29392	4305	5627	72910	6934
gene89_pep6	14391	39949	33135	39845	59753	16032	60954	48007	3906	2148	10236	16585
gene89_pep7	3058	1804	2733	2816	1293	1826	3285	2741	2242	1971	2041	1585
gene89_pep9	748	1962	2078	1776	7457	5080	6107	4714	2404	6692	2905	1071
gene90_pep1	1902819	671118	6951	790513	698875	28675	1256020	610200	757491	595799	1055314	1570381
gene90_pep2	61291	47323	75755	44563	57892	28983	48688	69729	39710	77017	33165	51081
gene90_pep4	1572	853	2496	1267	5733566	1672	1327	2058	2889	1260	1357	1929
gene90_pep6	34205	714037	959829	471798	399469	507598	309138	852206	833542	294937	855877	179534
gene90_pep7	8661	155616	413501	91904	35946478	394837	9899	434586	420574	147668	219590	7713
gene90_pep10	1145834	1627230	1139136	1620391	1116969	925087	401474	1280213	1314485	836584	984226	1352137
gene91_pep2	36672	53729	42834	91763	98858	65181	52976	123155	179707	12328	71000	174622
gene91_pep3	654301	530530	462909	355881	391427	1146446	510095	1584336	889529	1464889	825102	1784396
gene91_pep5	77426	73145	87536	43621	44958	20099	10089	63820	41890	43454	91331	57008
gene91_pep6	423429	261785	605424	319812	457640	352166	653122	1034601	469456	610209	874128	573447
gene91_pep8	167245	40083	79382	18462	113873	109679	137822	112947	331504	7659393	8152939	171098
gene91_pep9	733083	255555	1146522	1152548	737644	644757	1555962	2085286	1622544	2406932	872881	1520169
gene92_pep3	185145	150683	120065	188230	153960	140092	219880	196428	274439	4866	70239	318288
gene92_pep5	1240	1032	10378	1513	2816	10159	5962	3073	2230274	4322	5495	6198
gene92_pep6	32157	21341	8228	50127	19932	36748	34705	29184	23838	19880	30938	36241
gene92_pep8	66996	130797	62226	20324	1384	258341	82896	161245	30407	170681	117699	149246
gene92_pep9	90478	51021	183950	28848	44442	5479	104595	139010	137606	41940	22368	177150
gene92_pep10	80540	72913	75620	64703	56063	74677	74815	75692	71335	67552	71989	60048
gene93_pep2	541185	646789	982450	848662	664036	687221	520028	562945	675297	713355	577425	970591
gene93_pep3	53187	72132	39603	61291	23142	34507	41702	51654	48054	13151	60560	29466
gene93_pep5	412764	5201	180	211	999754	430	252	175	107	36998	85	81
gene93_pep6	2618	1553	24968849	529	1606	695	806	740	557	1360	426	1791
gene93_pep7	563406	71538	236981	429720	545675	942309	496878	243365	5046	459862	341127	344759
gene94_pep1	4829	6880	3759	5324	1534	5719	64964781	1109	4039	4538	1963	2560
gene94_pep3	60842	65695	47975	44573	30999	24596	94978	62189	64227	111960	41870	39117
gene94_pep4	129	767	748	618	314	600	409	529	167	428	375	567
gene94_pep6	135	162	193	287	193	138	285	383	302	280	284	196
gene94_pep8	65500	17423	52339	52568	39358	14257	27806	27679	2442	18863	41761	43208
gene94_pep10	67651	68868	69726	96773	82089	93306	808	23511	142472	91188	43000	182441
gene95_pep1	306276	358562	349928	245828	425908	342223	438604	285965	295038	351691	212363	309535
gene95_pep2	29999	28973	33618	21773	12220	10468	6378	17336	28315	21540	39168	24557
gene95_pep3	14090	27294	7393	4280	13956	26123	20325	17296	19721	14440	26162	10568
gene95_pep4	2800	149	5090	3161	3190	1973	4915	2902	314	7440	1336	3932
gene95_pep5	3310360	5737403	2608554	5039536	3225677	3511942	4174842	3605096	1801175	4943811	3538354	4285621
gene95_pep7	71611	67085	75667	96370	64056	89559	43322	71369	52786	48702	47416	54253
gene96_pep2	32998	18322	15869	27539	63085	27013	20481	12517	6725	5571	15777	27213
gene96_pep3	2692215	25198707	9022265	14944191	9965647	9799624	11173548	9728870	11374139	17369597	13760342	9764946
gene96_pep4	1326498	1114485	1870223	1517611	2348369	1214684	932717	1950947	1266838	1390683	1472079	1279052
gene96_pep5	159473	71168	40332	423723	403608	128224	20452	338949	372975	420541	66693	292602
gene96_pep6	917432	193663	488500	69538	279256	602694	323401	152355	214600	391518	373504	38761
gene96_pep9	15353324	14666543	15893602	3778913	98231206	1191806	14215512	68869279	142484741	97176975	105327576	98001252
gene96_pep10	56084	73403	59842	41447	43322	66043	34308	44502	35845	40699	37042	67892
gene97_pep1	563165	20057103	335810	151137	105729	284091	91564	298772	29677713	4307	295516	343098
gene97_pep2	200588	274706	193162	182046	138004	168234	185275	165069	226918	152165	212297	176897
gene97_pep4	171234	229403	181282	234884	164430	182193	137471	328687	274149	125993	411259	166800
gene97_pep5	99668	789	17007	655494	418820	161709	110068	7215	11303	317396	470109	7432
gene97_pep6	393748	221871	154113	120626	263302	305019	41941	51270	171605	51775	116996	13945
gene97_pep7	340826	173606	131605	113411	280088	292641	132438	187991	321935	214875	198294	592428
gene97_pep8	1797	3364	4001	3937	5171	5481	60455	7743	3343	2715	3174	3848
gene97_pep9	66082	32578	58457	67685	18684	26608	54247	63394	25834	9799	33315	33380
gene98_pep1	28289	34947	20300	29101	49911	39003	43124	48922	33977	28259	25556	44018
gene98_pep4	111269	92773	133012	231439	179472	114293	181424	84886	141515	101703	80909	283344
gene98_pep5	55833	58253	33466	46642	44522	41573	26796	41621	24177	61167	33294	58531
gene98_pep6	1219187	9080	9342893	13965052	2566745	13139058	15626981	11960659	5816639	3646001	10043505	24924625
gene98_pep7	906676	819287	696788	529619	737074	744173	678265	673771	555240	684636	1017513	245293
gene98_pep8	750993	945331	901341	1790749	631748	523521	170594	812538	55916	1103717	1591283	1497469
gene98_pep9	18037	44598	23264	21981	35111	39641	26191	15815	28016	29215	40389	31684
gene98_pep10	8157	10361	11422	2694	2800	6268	11048	6194	12907	10648	12105	2889
gene99_pep1	73843	105666	191477	80583	78482	92337	148345	81028	102849	27475	104794	99176
gene99_pep2	16542	43862	44347	66825	43156	34032	24349	52760	51658	11951	38296	12183
gene99_pep5	135284	145909	171500	115358	151255	96099	118068	165814	69906	113054	141766	102468
gene99_pep6	1555	2212	3677	2844	260	1969	8038963	4757	858	2996	69768	3286
gene99_pep7	7982	6903	10604	8600	8742	8763	7655	7917	8426	9436	7475	6622
gene99_pep8	32571	31571	27168	39126	19381	23569	31373	28753	21707	34245	16020	31988
gene99_pep9	48295	18718	22719	40009	20166	29592	14250	34578	26920	40528	13355	34546
gene99_pep10	30679	25286	28285	35244	31659	24802	38598	30488	27833	33978	34163	29276
gene100_pep2	134756	543782	381664	330875	79226	557331	304721	176631	425126	347365	1938	428503
gene100_pep3	24518	48499	34898	13886	43060	25533	27501	24627	23138	41585	10718	6177
gene100_pep4	2527	7024	4399	2714	4479	5628	7842	5148	4920	3530	6850	3416
gene100_pep5	158226	320320	281782	73777	402805	604566	356325	460842	213517	159396	313769	127452
gene100_pep6	171027	386767	159523	352273	226355	33359	238676	230324	355843	229695	254615	217552
gene100_pep7	2071623	2006219	2628239	5310185	4663062	5391794	2616760	2991999	1672456	361053	140948	6231307
gene100_pep9	284996	373197	266817	331134	287850	307805	122933	63450	492989	485858	116509	206725
